id,timestamp,measurement,unit
0000021001,2024-10-21T20:46:18.1937080+00:00,6.634817514544766,kWh
0000021002,2024-10-21T20:46:18.1937080+00:00,6.634817514544766,kWh
0000021003,2024-10-21T20:46:18.1937080+00:00,6.634817514544766,kWh
0000021004,2024-10-21T20:46:18.1937080+00:00,6.634817514544766,kWh
0000021005,2024-10-21T20:46:18.1937080+00:00,6.634817514544766,kWh
0000021006,2024-10-21T20:46:18.1937080+00:00,6.634817514544766,kWh
0000021007,2024-10-21T20:46:18.1937080+00:00,6.634817514544766,kWh
0000021008,2024-10-21T20:46:18.1937080+00:00,6.634817514544766,kWh
0000021009,2024-10-21T20:46:18.1937080+00:00,6.634817514544766,kWh
0000021010,2024-10-21T20:46:18.1937080+00:00,6.634817514544766,kWh
0000021011,2024-10-21T20:46:18.1937080+00:00,6.634817514544766,kWh
0000021012,2024-10-21T20:46:18.1937080+00:00,6.634817514544766,kWh
0000021013,2024-10-21T20:46:18.1937080+00:00,6.634817514544766,kWh
0000021014,2024-10-21T20:46:18.1937080+00:00,6.634817514544766,kWh
0000021015,2024-10-21T20:46:18.1937080+00:00,6.634817514544766,kWh
0000021016,2024-10-21T20:46:18.1937080+00:00,6.634817514544766,kWh
0000021017,2024-10-21T20:46:18.1937080+00:00,6.634817514544766,kWh
0000021018,2024-10-21T20:46:18.1937080+00:00,6.634817514544766,kWh
0000021019,2024-10-21T20:46:18.1937080+00:00,6.634817514544766,kWh
0000021020,2024-10-21T20:46:18.1937080+00:00,6.634817514544766,kWh
0000021021,2024-10-21T20:46:18.1937080+00:00,6.634817514544766,kWh
0000021022,2024-10-21T20:46:18.1937080+00:00,6.634817514544766,kWh
0000021023,2024-10-21T20:46:18.1937080+00:00,6.634817514544766,kWh
0000021024,2024-10-21T20:46:18.1937080+00:00,6.634817514544766,kWh
0000021025,2024-10-21T20:46:18.1937080+00:00,6.634817514544766,kWh
0000021026,2024-10-21T20:46:18.1937080+00:00,6.634817514544766,kWh
0000021027,2024-10-21T20:46:18.1937080+00:00,6.634817514544766,kWh
0000021028,2024-10-21T20:46:18.1937080+00:00,6.634817514544766,kWh
0000021029,2024-10-21T20:46:18.1937080+00:00,6.634817514544766,kWh
0000021030,2024-10-21T20:46:18.1937080+00:00,6.634817514544766,kWh
0000021031,2024-10-21T20:46:18.1937080+00:00,6.634817514544766,kWh
0000021032,2024-10-21T20:46:18.1937080+00:00,6.634817514544766,kWh
0000021033,2024-10-21T20:46:18.1937080+00:00,6.634817514544766,kWh
0000021034,2024-10-21T20:46:18.1937080+00:00,6.634817514544766,kWh
0000021035,2024-10-21T20:46:18.1937080+00:00,6.634817514544766,kWh
0000021036,2024-10-21T20:46:18.1937080+00:00,6.634817514544766,kWh
0000021037,2024-10-21T20:46:18.1937080+00:00,6.634817514544766,kWh
0000021038,2024-10-21T20:46:18.1937080+00:00,6.634817514544766,kWh
0000021039,2024-10-21T20:46:18.1937080+00:00,6.634817514544766,kWh
0000021040,2024-10-21T20:46:18.1937080+00:00,6.634817514544766,kWh
0000021041,2024-10-21T20:46:18.1937080+00:00,6.634817514544766,kWh
0000021042,2024-10-21T20:46:18.1937080+00:00,6.634817514544766,kWh
0000021043,2024-10-21T20:46:18.1937080+00:00,6.634817514544766,kWh
0000021044,2024-10-21T20:46:18.1937080+00:00,6.634817514544766,kWh
0000021045,2024-10-21T20:46:18.1937080+00:00,6.634817514544766,kWh
0000021046,2024-10-21T20:46:18.1937080+00:00,6.634817514544766,kWh
0000021047,2024-10-21T20:46:18.1937080+00:00,6.634817514544766,kWh
0000021048,2024-10-21T20:46:18.1937080+00:00,6.634817514544766,kWh
0000021049,2024-10-21T20:46:18.1937080+00:00,6.634817514544766,kWh
0000021050,2024-10-21T20:46:18.1937080+00:00,6.634817514544766,kWh
0000021051,2024-10-21T20:46:18.1937080+00:00,6.634817514544766,kWh
0000021052,2024-10-21T20:46:18.1937080+00:00,6.634817514544766,kWh
0000021053,2024-10-21T20:46:18.1937080+00:00,6.634817514544766,kWh
0000021054,2024-10-21T20:46:18.1937080+00:00,6.634817514544766,kWh
0000021055,2024-10-21T20:46:18.1937080+00:00,6.634817514544766,kWh
0000021056,2024-10-21T20:46:18.1937080+00:00,6.634817514544766,kWh
0000021057,2024-10-21T20:46:18.1937080+00:00,6.634817514544766,kWh
0000021058,2024-10-21T20:46:18.1937080+00:00,6.634817514544766,kWh
0000021059,2024-10-21T20:46:18.1937080+00:00,6.634817514544766,kWh
0000021060,2024-10-21T20:46:18.1937080+00:00,6.634817514544766,kWh
0000021061,2024-10-21T20:46:18.1937080+00:00,6.634817514544766,kWh
0000021062,2024-10-21T20:46:18.1937080+00:00,6.634817514544766,kWh
0000021063,2024-10-21T20:46:18.1937080+00:00,6.634817514544766,kWh
0000021064,2024-10-21T20:46:18.1937080+00:00,6.634817514544766,kWh
0000021065,2024-10-21T20:46:18.1937080+00:00,6.634817514544766,kWh
0000021066,2024-10-21T20:46:18.1937080+00:00,6.634817514544766,kWh
0000021067,2024-10-21T20:46:18.1937080+00:00,6.634817514544766,kWh
0000021068,2024-10-21T20:46:18.1937080+00:00,6.634817514544766,kWh
0000021069,2024-10-21T20:46:18.1937080+00:00,6.634817514544766,kWh
0000021070,2024-10-21T20:46:18.1937080+00:00,6.634817514544766,kWh
0000021071,2024-10-21T20:46:18.1937080+00:00,6.634817514544766,kWh
0000021072,2024-10-21T20:46:18.1937080+00:00,6.634817514544766,kWh
0000021073,2024-10-21T20:46:18.1937080+00:00,6.634817514544766,kWh
0000021074,2024-10-21T20:46:18.1937080+00:00,6.634817514544766,kWh
0000021075,2024-10-21T20:46:18.1937080+00:00,6.634817514544766,kWh
0000021076,2024-10-21T20:46:18.1937080+00:00,6.634817514544766,kWh
0000021077,2024-10-21T20:46:18.1937080+00:00,6.634817514544766,kWh
0000021078,2024-10-21T20:46:18.1937080+00:00,6.634817514544766,kWh
0000021079,2024-10-21T20:46:18.1937080+00:00,6.634817514544766,kWh
0000021080,2024-10-21T20:46:18.1937080+00:00,6.634817514544766,kWh
0000021081,2024-10-21T20:46:18.1937080+00:00,6.634817514544766,kWh
0000021082,2024-10-21T20:46:18.1937080+00:00,6.634817514544766,kWh
0000021083,2024-10-21T20:46:18.1937080+00:00,6.634817514544766,kWh
0000021084,2024-10-21T20:46:18.1937080+00:00,6.634817514544766,kWh
0000021085,2024-10-21T20:46:18.1937080+00:00,6.634817514544766,kWh
0000021086,2024-10-21T20:46:18.1937080+00:00,6.634817514544766,kWh
0000021087,2024-10-21T20:46:18.1937080+00:00,6.634817514544766,kWh
0000021088,2024-10-21T20:46:18.1937080+00:00,6.634817514544766,kWh
0000021089,2024-10-21T20:46:18.1937080+00:00,6.634817514544766,kWh
0000021090,2024-10-21T20:46:18.1937080+00:00,6.634817514544766,kWh
0000021091,2024-10-21T20:46:18.1937080+00:00,6.634817514544766,kWh
0000021092,2024-10-21T20:46:18.1937080+00:00,6.634817514544766,kWh
0000021093,2024-10-21T20:46:18.1937080+00:00,6.634817514544766,kWh
0000021094,2024-10-21T20:46:18.1937080+00:00,6.634817514544766,kWh
0000021095,2024-10-21T20:46:18.1937080+00:00,6.634817514544766,kWh
0000021096,2024-10-21T20:46:18.1937080+00:00,6.634817514544766,kWh
0000021097,2024-10-21T20:46:18.1937080+00:00,6.634817514544766,kWh
0000021098,2024-10-21T20:46:18.1937080+00:00,6.634817514544766,kWh
0000021099,2024-10-21T20:46:18.1937080+00:00,6.634817514544766,kWh
0000021100,2024-10-21T20:46:18.1937080+00:00,6.634817514544766,kWh
0000021101,2024-10-21T20:46:18.1937080+00:00,6.634817514544766,kWh
0000021102,2024-10-21T20:46:18.1937080+00:00,6.634817514544766,kWh
0000021103,2024-10-21T20:46:18.1937080+00:00,6.634817514544766,kWh
0000021104,2024-10-21T20:46:18.1937080+00:00,6.634817514544766,kWh
0000021105,2024-10-21T20:46:18.1937080+00:00,6.634817514544766,kWh
0000021106,2024-10-21T20:46:18.1937080+00:00,6.634817514544766,kWh
0000021107,2024-10-21T20:46:18.1937080+00:00,6.634817514544766,kWh
0000021108,2024-10-21T20:46:18.1937080+00:00,6.634817514544766,kWh
0000021109,2024-10-21T20:46:18.1937080+00:00,6.634817514544766,kWh
0000021110,2024-10-21T20:46:18.1937080+00:00,6.634817514544766,kWh
0000021111,2024-10-21T20:46:18.1937080+00:00,6.634817514544766,kWh
0000021112,2024-10-21T20:46:18.1937080+00:00,6.634817514544766,kWh
0000021113,2024-10-21T20:46:18.1937080+00:00,6.634817514544766,kWh
0000021114,2024-10-21T20:46:18.1937080+00:00,6.634817514544766,kWh
0000021115,2024-10-21T20:46:18.1937080+00:00,6.634817514544766,kWh
0000021116,2024-10-21T20:46:18.1937080+00:00,6.634817514544766,kWh
0000021117,2024-10-21T20:46:18.1937080+00:00,6.634817514544766,kWh
0000021118,2024-10-21T20:46:18.1937080+00:00,6.634817514544766,kWh
0000021119,2024-10-21T20:46:18.1937080+00:00,6.634817514544766,kWh
0000021120,2024-10-21T20:46:18.1937080+00:00,6.634817514544766,kWh
0000021121,2024-10-21T20:46:18.1937080+00:00,6.634817514544766,kWh
0000021122,2024-10-21T20:46:18.1937080+00:00,6.634817514544766,kWh
0000021123,2024-10-21T20:46:18.1937080+00:00,6.634817514544766,kWh
0000021124,2024-10-21T20:46:18.1937080+00:00,6.634817514544766,kWh
0000021125,2024-10-21T20:46:18.1937080+00:00,6.634817514544766,kWh
0000021126,2024-10-21T20:46:18.1937080+00:00,6.634817514544766,kWh
0000021127,2024-10-21T20:46:18.1937080+00:00,6.634817514544766,kWh
0000021128,2024-10-21T20:46:18.1937080+00:00,6.634817514544766,kWh
0000021129,2024-10-21T20:46:18.1937080+00:00,6.634817514544766,kWh
0000021130,2024-10-21T20:46:18.1937080+00:00,6.634817514544766,kWh
0000021131,2024-10-21T20:46:18.1937080+00:00,6.634817514544766,kWh
0000021132,2024-10-21T20:46:18.1937080+00:00,6.634817514544766,kWh
0000021133,2024-10-21T20:46:18.1937080+00:00,6.634817514544766,kWh
0000021134,2024-10-21T20:46:18.1937080+00:00,6.634817514544766,kWh
0000021135,2024-10-21T20:46:18.1937080+00:00,6.634817514544766,kWh
0000021136,2024-10-21T20:46:18.1937080+00:00,6.634817514544766,kWh
0000021137,2024-10-21T20:46:18.1937080+00:00,6.634817514544766,kWh
0000021138,2024-10-21T20:46:18.1937080+00:00,6.634817514544766,kWh
0000021139,2024-10-21T20:46:18.1937080+00:00,6.634817514544766,kWh
0000021140,2024-10-21T20:46:18.1937080+00:00,6.634817514544766,kWh
0000021141,2024-10-21T20:46:18.1937080+00:00,6.634817514544766,kWh
0000021142,2024-10-21T20:46:18.1937080+00:00,6.634817514544766,kWh
0000021143,2024-10-21T20:46:18.1937080+00:00,6.634817514544766,kWh
0000021144,2024-10-21T20:46:18.1937080+00:00,6.634817514544766,kWh
0000021145,2024-10-21T20:46:18.1937080+00:00,6.634817514544766,kWh
0000021146,2024-10-21T20:46:18.1937080+00:00,6.634817514544766,kWh
0000021147,2024-10-21T20:46:18.1937080+00:00,6.634817514544766,kWh
0000021148,2024-10-21T20:46:18.1937080+00:00,6.634817514544766,kWh
0000021149,2024-10-21T20:46:18.1937080+00:00,6.634817514544766,kWh
0000021150,2024-10-21T20:46:18.1937080+00:00,6.634817514544766,kWh
0000021151,2024-10-21T20:46:18.1937080+00:00,6.634817514544766,kWh
0000021152,2024-10-21T20:46:18.1937080+00:00,6.634817514544766,kWh
0000021153,2024-10-21T20:46:18.1937080+00:00,6.634817514544766,kWh
0000021154,2024-10-21T20:46:18.1937080+00:00,6.634817514544766,kWh
0000021155,2024-10-21T20:46:18.1937080+00:00,6.634817514544766,kWh
0000021156,2024-10-21T20:46:18.1937080+00:00,6.634817514544766,kWh
0000021157,2024-10-21T20:46:18.1937080+00:00,6.634817514544766,kWh
0000021158,2024-10-21T20:46:18.1937080+00:00,6.634817514544766,kWh
0000021159,2024-10-21T20:46:18.1937080+00:00,6.634817514544766,kWh
0000021160,2024-10-21T20:46:18.1937080+00:00,6.634817514544766,kWh
0000021161,2024-10-21T20:46:18.1937080+00:00,6.634817514544766,kWh
0000021162,2024-10-21T20:46:18.1937080+00:00,6.634817514544766,kWh
0000021163,2024-10-21T20:46:18.1937080+00:00,6.634817514544766,kWh
0000021164,2024-10-21T20:46:18.1937080+00:00,6.634817514544766,kWh
0000021165,2024-10-21T20:46:18.1937080+00:00,6.634817514544766,kWh
0000021166,2024-10-21T20:46:18.1937080+00:00,6.634817514544766,kWh
0000021167,2024-10-21T20:46:18.1937080+00:00,6.634817514544766,kWh
0000021168,2024-10-21T20:46:18.1937080+00:00,6.634817514544766,kWh
0000021169,2024-10-21T20:46:18.1937080+00:00,6.634817514544766,kWh
0000021170,2024-10-21T20:46:18.1937080+00:00,6.634817514544766,kWh
0000021171,2024-10-21T20:46:18.1937080+00:00,6.634817514544766,kWh
0000021172,2024-10-21T20:46:18.1937080+00:00,6.634817514544766,kWh
0000021173,2024-10-21T20:46:18.1937080+00:00,6.634817514544766,kWh
0000021174,2024-10-21T20:46:18.1937080+00:00,6.634817514544766,kWh
0000021175,2024-10-21T20:46:18.1937080+00:00,6.634817514544766,kWh
0000021176,2024-10-21T20:46:18.1937080+00:00,6.634817514544766,kWh
0000021177,2024-10-21T20:46:18.1937080+00:00,6.634817514544766,kWh
0000021178,2024-10-21T20:46:18.1937080+00:00,6.634817514544766,kWh
0000021179,2024-10-21T20:46:18.1937080+00:00,6.634817514544766,kWh
0000021180,2024-10-21T20:46:18.1937080+00:00,6.634817514544766,kWh
0000021181,2024-10-21T20:46:18.1937080+00:00,6.634817514544766,kWh
0000021182,2024-10-21T20:46:18.1937080+00:00,6.634817514544766,kWh
0000021183,2024-10-21T20:46:18.1937080+00:00,6.634817514544766,kWh
0000021184,2024-10-21T20:46:18.1937080+00:00,6.634817514544766,kWh
0000021185,2024-10-21T20:46:18.1937080+00:00,6.634817514544766,kWh
0000021186,2024-10-21T20:46:18.1937080+00:00,6.634817514544766,kWh
0000021187,2024-10-21T20:46:18.1937080+00:00,6.634817514544766,kWh
0000021188,2024-10-21T20:46:18.1937080+00:00,6.634817514544766,kWh
0000021189,2024-10-21T20:46:18.1937080+00:00,6.634817514544766,kWh
0000021190,2024-10-21T20:46:18.1937080+00:00,6.634817514544766,kWh
0000021191,2024-10-21T20:46:18.1937080+00:00,6.634817514544766,kWh
0000021192,2024-10-21T20:46:18.1937080+00:00,6.634817514544766,kWh
0000021193,2024-10-21T20:46:18.1937080+00:00,6.634817514544766,kWh
0000021194,2024-10-21T20:46:18.1937080+00:00,6.634817514544766,kWh
0000021195,2024-10-21T20:46:18.1937080+00:00,6.634817514544766,kWh
0000021196,2024-10-21T20:46:18.1937080+00:00,6.634817514544766,kWh
0000021197,2024-10-21T20:46:18.1937080+00:00,6.634817514544766,kWh
0000021198,2024-10-21T20:46:18.1937080+00:00,6.634817514544766,kWh
0000021199,2024-10-21T20:46:18.1937080+00:00,6.634817514544766,kWh
0000021200,2024-10-21T20:46:18.1937080+00:00,6.634817514544766,kWh
0000021201,2024-10-21T20:46:18.1937080+00:00,6.634817514544766,kWh
0000021202,2024-10-21T20:46:18.1937080+00:00,6.634817514544766,kWh
0000021203,2024-10-21T20:46:18.1937080+00:00,6.634817514544766,kWh
0000021204,2024-10-21T20:46:18.1937080+00:00,6.634817514544766,kWh
0000021205,2024-10-21T20:46:18.1937080+00:00,6.634817514544766,kWh
0000021206,2024-10-21T20:46:18.1937080+00:00,6.634817514544766,kWh
0000021207,2024-10-21T20:46:18.1937080+00:00,6.634817514544766,kWh
0000021208,2024-10-21T20:46:18.1937080+00:00,6.634817514544766,kWh
0000021209,2024-10-21T20:46:18.1937080+00:00,6.634817514544766,kWh
0000021210,2024-10-21T20:46:18.1937080+00:00,6.634817514544766,kWh
0000021211,2024-10-21T20:46:18.1937080+00:00,6.634817514544766,kWh
0000021212,2024-10-21T20:46:18.1937080+00:00,6.634817514544766,kWh
0000021213,2024-10-21T20:46:18.1937080+00:00,6.634817514544766,kWh
0000021214,2024-10-21T20:46:18.1937080+00:00,6.634817514544766,kWh
0000021215,2024-10-21T20:46:18.1937080+00:00,6.634817514544766,kWh
0000021216,2024-10-21T20:46:18.1937080+00:00,6.634817514544766,kWh
0000021217,2024-10-21T20:46:18.1937080+00:00,6.634817514544766,kWh
0000021218,2024-10-21T20:46:18.1937080+00:00,6.634817514544766,kWh
0000021219,2024-10-21T20:46:18.1937080+00:00,6.634817514544766,kWh
0000021220,2024-10-21T20:46:18.1937080+00:00,6.634817514544766,kWh
0000021221,2024-10-21T20:46:18.1937080+00:00,6.634817514544766,kWh
0000021222,2024-10-21T20:46:18.1937080+00:00,6.634817514544766,kWh
0000021223,2024-10-21T20:46:18.1937080+00:00,6.634817514544766,kWh
0000021224,2024-10-21T20:46:18.1937080+00:00,6.634817514544766,kWh
0000021225,2024-10-21T20:46:18.1937080+00:00,6.634817514544766,kWh
0000021226,2024-10-21T20:46:18.1937080+00:00,6.634817514544766,kWh
0000021227,2024-10-21T20:46:18.1937080+00:00,6.634817514544766,kWh
0000021228,2024-10-21T20:46:18.1937080+00:00,6.634817514544766,kWh
0000021229,2024-10-21T20:46:18.1937080+00:00,6.634817514544766,kWh
0000021230,2024-10-21T20:46:18.1937080+00:00,6.634817514544766,kWh
0000021231,2024-10-21T20:46:18.1937080+00:00,6.634817514544766,kWh
0000021232,2024-10-21T20:46:18.1937080+00:00,6.634817514544766,kWh
0000021233,2024-10-21T20:46:18.1937080+00:00,6.634817514544766,kWh
0000021234,2024-10-21T20:46:18.1937080+00:00,6.634817514544766,kWh
0000021235,2024-10-21T20:46:18.1937080+00:00,6.634817514544766,kWh
0000021236,2024-10-21T20:46:18.1937080+00:00,6.634817514544766,kWh
0000021237,2024-10-21T20:46:18.1937080+00:00,6.634817514544766,kWh
0000021238,2024-10-21T20:46:18.1937080+00:00,6.634817514544766,kWh
0000021239,2024-10-21T20:46:18.1937080+00:00,6.634817514544766,kWh
0000021240,2024-10-21T20:46:18.1937080+00:00,6.634817514544766,kWh
0000021241,2024-10-21T20:46:18.1937080+00:00,6.634817514544766,kWh
0000021242,2024-10-21T20:46:18.1937080+00:00,6.634817514544766,kWh
0000021243,2024-10-21T20:46:18.1937080+00:00,6.634817514544766,kWh
0000021244,2024-10-21T20:46:18.1937080+00:00,6.634817514544766,kWh
0000021245,2024-10-21T20:46:18.1937080+00:00,6.634817514544766,kWh
0000021246,2024-10-21T20:46:18.1937080+00:00,6.634817514544766,kWh
0000021247,2024-10-21T20:46:18.1937080+00:00,6.634817514544766,kWh
0000021248,2024-10-21T20:46:18.1937080+00:00,6.634817514544766,kWh
0000021249,2024-10-21T20:46:18.1937080+00:00,6.634817514544766,kWh
0000021250,2024-10-21T20:46:18.1937080+00:00,6.634817514544766,kWh
0000021251,2024-10-21T20:46:18.1937080+00:00,6.634817514544766,kWh
0000021252,2024-10-21T20:46:18.1937080+00:00,6.634817514544766,kWh
0000021253,2024-10-21T20:46:18.1937080+00:00,6.634817514544766,kWh
0000021254,2024-10-21T20:46:18.1937080+00:00,6.634817514544766,kWh
0000021255,2024-10-21T20:46:18.1937080+00:00,6.634817514544766,kWh
0000021256,2024-10-21T20:46:18.1937080+00:00,6.634817514544766,kWh
0000021257,2024-10-21T20:46:18.1937080+00:00,6.634817514544766,kWh
0000021258,2024-10-21T20:46:18.1937080+00:00,6.634817514544766,kWh
0000021259,2024-10-21T20:46:18.1937080+00:00,6.634817514544766,kWh
0000021260,2024-10-21T20:46:18.1937080+00:00,6.634817514544766,kWh
0000021261,2024-10-21T20:46:18.1937080+00:00,6.634817514544766,kWh
0000021262,2024-10-21T20:46:18.1937080+00:00,6.634817514544766,kWh
0000021263,2024-10-21T20:46:18.1937080+00:00,6.634817514544766,kWh
0000021264,2024-10-21T20:46:18.1937080+00:00,6.634817514544766,kWh
0000021265,2024-10-21T20:46:18.1937080+00:00,6.634817514544766,kWh
0000021266,2024-10-21T20:46:18.1937080+00:00,6.634817514544766,kWh
0000021267,2024-10-21T20:46:18.1937080+00:00,6.634817514544766,kWh
0000021268,2024-10-21T20:46:18.1937080+00:00,6.634817514544766,kWh
0000021269,2024-10-21T20:46:18.1937080+00:00,6.634817514544766,kWh
0000021270,2024-10-21T20:46:18.1937080+00:00,6.634817514544766,kWh
0000021271,2024-10-21T20:46:18.1937080+00:00,6.634817514544766,kWh
0000021272,2024-10-21T20:46:18.1937080+00:00,6.634817514544766,kWh
0000021273,2024-10-21T20:46:18.1937080+00:00,6.634817514544766,kWh
0000021274,2024-10-21T20:46:18.1937080+00:00,6.634817514544766,kWh
0000021275,2024-10-21T20:46:18.1937080+00:00,6.634817514544766,kWh
0000021276,2024-10-21T20:46:18.1937080+00:00,6.634817514544766,kWh
0000021277,2024-10-21T20:46:18.1937080+00:00,6.634817514544766,kWh
0000021278,2024-10-21T20:46:18.1937080+00:00,6.634817514544766,kWh
0000021279,2024-10-21T20:46:18.1937080+00:00,6.634817514544766,kWh
0000021280,2024-10-21T20:46:18.1937080+00:00,6.634817514544766,kWh
0000021281,2024-10-21T20:46:18.1937080+00:00,6.634817514544766,kWh
0000021282,2024-10-21T20:46:18.1937080+00:00,6.634817514544766,kWh
0000021283,2024-10-21T20:46:18.1937080+00:00,6.634817514544766,kWh
0000021284,2024-10-21T20:46:18.1937080+00:00,6.634817514544766,kWh
0000021285,2024-10-21T20:46:18.1937080+00:00,6.634817514544766,kWh
0000021286,2024-10-21T20:46:18.1937080+00:00,6.634817514544766,kWh
0000021287,2024-10-21T20:46:18.1937080+00:00,6.634817514544766,kWh
0000021288,2024-10-21T20:46:18.1937080+00:00,6.634817514544766,kWh
0000021289,2024-10-21T20:46:18.1937080+00:00,6.634817514544766,kWh
0000021290,2024-10-21T20:46:18.1937080+00:00,6.634817514544766,kWh
0000021291,2024-10-21T20:46:18.1937080+00:00,6.634817514544766,kWh
0000021292,2024-10-21T20:46:18.1937080+00:00,6.634817514544766,kWh
0000021293,2024-10-21T20:46:18.1937080+00:00,6.634817514544766,kWh
0000021294,2024-10-21T20:46:18.1937080+00:00,6.634817514544766,kWh
0000021295,2024-10-21T20:46:18.1937080+00:00,6.634817514544766,kWh
0000021296,2024-10-21T20:46:18.1937080+00:00,6.634817514544766,kWh
0000021297,2024-10-21T20:46:18.1937080+00:00,6.634817514544766,kWh
0000021298,2024-10-21T20:46:18.1937080+00:00,6.634817514544766,kWh
0000021299,2024-10-21T20:46:18.1937080+00:00,6.634817514544766,kWh
0000021300,2024-10-21T20:46:18.1937080+00:00,6.634817514544766,kWh
0000021301,2024-10-21T20:46:18.1937080+00:00,6.634817514544766,kWh
0000021302,2024-10-21T20:46:18.1937080+00:00,6.634817514544766,kWh
0000021303,2024-10-21T20:46:18.1937080+00:00,6.634817514544766,kWh
0000021304,2024-10-21T20:46:18.1937080+00:00,6.634817514544766,kWh
0000021305,2024-10-21T20:46:18.1937080+00:00,6.634817514544766,kWh
0000021306,2024-10-21T20:46:18.1937080+00:00,6.634817514544766,kWh
0000021307,2024-10-21T20:46:18.1937080+00:00,6.634817514544766,kWh
0000021308,2024-10-21T20:46:18.1937080+00:00,6.634817514544766,kWh
0000021309,2024-10-21T20:46:18.1937080+00:00,6.634817514544766,kWh
0000021310,2024-10-21T20:46:18.1937080+00:00,6.634817514544766,kWh
0000021311,2024-10-21T20:46:18.1937080+00:00,6.634817514544766,kWh
0000021312,2024-10-21T20:46:18.1937080+00:00,6.634817514544766,kWh
0000021313,2024-10-21T20:46:18.1937080+00:00,6.634817514544766,kWh
0000021314,2024-10-21T20:46:18.1937080+00:00,6.634817514544766,kWh
0000021315,2024-10-21T20:46:18.1937080+00:00,6.634817514544766,kWh
0000021316,2024-10-21T20:46:18.1937080+00:00,6.634817514544766,kWh
0000021317,2024-10-21T20:46:18.1937080+00:00,6.634817514544766,kWh
0000021318,2024-10-21T20:46:18.1937080+00:00,6.634817514544766,kWh
0000021319,2024-10-21T20:46:18.1937080+00:00,6.634817514544766,kWh
0000021320,2024-10-21T20:46:18.1937080+00:00,6.634817514544766,kWh
0000021321,2024-10-21T20:46:18.1937080+00:00,6.634817514544766,kWh
0000021322,2024-10-21T20:46:18.1937080+00:00,6.634817514544766,kWh
0000021323,2024-10-21T20:46:18.1937080+00:00,6.634817514544766,kWh
0000021324,2024-10-21T20:46:18.1937080+00:00,6.634817514544766,kWh
0000021325,2024-10-21T20:46:18.1937080+00:00,6.634817514544766,kWh
0000021326,2024-10-21T20:46:18.1937080+00:00,6.634817514544766,kWh
0000021327,2024-10-21T20:46:18.1937080+00:00,6.634817514544766,kWh
0000021328,2024-10-21T20:46:18.1937080+00:00,6.634817514544766,kWh
0000021329,2024-10-21T20:46:18.1937080+00:00,6.634817514544766,kWh
0000021330,2024-10-21T20:46:18.1937080+00:00,6.634817514544766,kWh
0000021331,2024-10-21T20:46:18.1937080+00:00,6.634817514544766,kWh
0000021332,2024-10-21T20:46:18.1937080+00:00,6.634817514544766,kWh
0000021333,2024-10-21T20:46:18.1937080+00:00,6.634817514544766,kWh
0000021334,2024-10-21T20:46:18.1937080+00:00,6.634817514544766,kWh
0000021335,2024-10-21T20:46:18.1937080+00:00,6.634817514544766,kWh
0000021336,2024-10-21T20:46:18.1937080+00:00,6.634817514544766,kWh
0000021337,2024-10-21T20:46:18.1937080+00:00,6.634817514544766,kWh
0000021338,2024-10-21T20:46:18.1937080+00:00,6.634817514544766,kWh
0000021339,2024-10-21T20:46:18.1937080+00:00,6.634817514544766,kWh
0000021340,2024-10-21T20:46:18.1937080+00:00,6.634817514544766,kWh
0000021341,2024-10-21T20:46:18.1937080+00:00,6.634817514544766,kWh
0000021342,2024-10-21T20:46:18.1937080+00:00,6.634817514544766,kWh
0000021343,2024-10-21T20:46:18.1937080+00:00,6.634817514544766,kWh
0000021344,2024-10-21T20:46:18.1937080+00:00,6.634817514544766,kWh
0000021345,2024-10-21T20:46:18.1937080+00:00,6.634817514544766,kWh
0000021346,2024-10-21T20:46:18.1937080+00:00,6.634817514544766,kWh
0000021347,2024-10-21T20:46:18.1937080+00:00,6.634817514544766,kWh
0000021348,2024-10-21T20:46:18.1937080+00:00,6.634817514544766,kWh
0000021349,2024-10-21T20:46:18.1937080+00:00,6.634817514544766,kWh
0000021350,2024-10-21T20:46:18.1937080+00:00,6.634817514544766,kWh
0000021351,2024-10-21T20:46:18.1937080+00:00,6.634817514544766,kWh
0000021352,2024-10-21T20:46:18.1937080+00:00,6.634817514544766,kWh
0000021353,2024-10-21T20:46:18.1937080+00:00,6.634817514544766,kWh
0000021354,2024-10-21T20:46:18.1937080+00:00,6.634817514544766,kWh
0000021355,2024-10-21T20:46:18.1937080+00:00,6.634817514544766,kWh
0000021356,2024-10-21T20:46:18.1937080+00:00,6.634817514544766,kWh
0000021357,2024-10-21T20:46:18.1937080+00:00,6.634817514544766,kWh
0000021358,2024-10-21T20:46:18.1937080+00:00,6.634817514544766,kWh
0000021359,2024-10-21T20:46:18.1937080+00:00,6.634817514544766,kWh
0000021360,2024-10-21T20:46:18.1937080+00:00,6.634817514544766,kWh
0000021361,2024-10-21T20:46:18.1937080+00:00,6.634817514544766,kWh
0000021362,2024-10-21T20:46:18.1937080+00:00,6.634817514544766,kWh
0000021363,2024-10-21T20:46:18.1937080+00:00,6.634817514544766,kWh
0000021364,2024-10-21T20:46:18.1937080+00:00,6.634817514544766,kWh
0000021365,2024-10-21T20:46:18.1937080+00:00,6.634817514544766,kWh
0000021366,2024-10-21T20:46:18.1937080+00:00,6.634817514544766,kWh
0000021367,2024-10-21T20:46:18.1937080+00:00,6.634817514544766,kWh
0000021368,2024-10-21T20:46:18.1937080+00:00,6.634817514544766,kWh
0000021369,2024-10-21T20:46:18.1937080+00:00,6.634817514544766,kWh
0000021370,2024-10-21T20:46:18.1937080+00:00,6.634817514544766,kWh
0000021371,2024-10-21T20:46:18.1937080+00:00,6.634817514544766,kWh
0000021372,2024-10-21T20:46:18.1937080+00:00,6.634817514544766,kWh
0000021373,2024-10-21T20:46:18.1937080+00:00,6.634817514544766,kWh
0000021374,2024-10-21T20:46:18.1937080+00:00,6.634817514544766,kWh
0000021375,2024-10-21T20:46:18.1937080+00:00,6.634817514544766,kWh
0000021376,2024-10-21T20:46:18.1937080+00:00,6.634817514544766,kWh
0000021377,2024-10-21T20:46:18.1937080+00:00,6.634817514544766,kWh
0000021378,2024-10-21T20:46:18.1937080+00:00,6.634817514544766,kWh
0000021379,2024-10-21T20:46:18.1937080+00:00,6.634817514544766,kWh
0000021380,2024-10-21T20:46:18.1937080+00:00,6.634817514544766,kWh
0000021381,2024-10-21T20:46:18.1937080+00:00,6.634817514544766,kWh
0000021382,2024-10-21T20:46:18.1937080+00:00,6.634817514544766,kWh
0000021383,2024-10-21T20:46:18.1937080+00:00,6.634817514544766,kWh
0000021384,2024-10-21T20:46:18.1937080+00:00,6.634817514544766,kWh
0000021385,2024-10-21T20:46:18.1937080+00:00,6.634817514544766,kWh
0000021386,2024-10-21T20:46:18.1937080+00:00,6.634817514544766,kWh
0000021387,2024-10-21T20:46:18.1937080+00:00,6.634817514544766,kWh
0000021388,2024-10-21T20:46:18.1937080+00:00,6.634817514544766,kWh
0000021389,2024-10-21T20:46:18.1937080+00:00,6.634817514544766,kWh
0000021390,2024-10-21T20:46:18.1937080+00:00,6.634817514544766,kWh
0000021391,2024-10-21T20:46:18.1937080+00:00,6.634817514544766,kWh
0000021392,2024-10-21T20:46:18.1937080+00:00,6.634817514544766,kWh
0000021393,2024-10-21T20:46:18.1937080+00:00,6.634817514544766,kWh
0000021394,2024-10-21T20:46:18.1937080+00:00,6.634817514544766,kWh
0000021395,2024-10-21T20:46:18.1937080+00:00,6.634817514544766,kWh
0000021396,2024-10-21T20:46:18.1937080+00:00,6.634817514544766,kWh
0000021397,2024-10-21T20:46:18.1937080+00:00,6.634817514544766,kWh
0000021398,2024-10-21T20:46:18.1937080+00:00,6.634817514544766,kWh
0000021399,2024-10-21T20:46:18.1937080+00:00,6.634817514544766,kWh
0000021400,2024-10-21T20:46:18.1937080+00:00,6.634817514544766,kWh
0000021401,2024-10-21T20:46:18.1937080+00:00,6.634817514544766,kWh
0000021402,2024-10-21T20:46:18.1937080+00:00,6.634817514544766,kWh
0000021403,2024-10-21T20:46:18.1937080+00:00,6.634817514544766,kWh
0000021404,2024-10-21T20:46:18.1937080+00:00,6.634817514544766,kWh
0000021405,2024-10-21T20:46:18.1937080+00:00,6.634817514544766,kWh
0000021406,2024-10-21T20:46:18.1937080+00:00,6.634817514544766,kWh
0000021407,2024-10-21T20:46:18.1937080+00:00,6.634817514544766,kWh
0000021408,2024-10-21T20:46:18.1937080+00:00,6.634817514544766,kWh
0000021409,2024-10-21T20:46:18.1937080+00:00,6.634817514544766,kWh
0000021410,2024-10-21T20:46:18.1937080+00:00,6.634817514544766,kWh
0000021411,2024-10-21T20:46:18.1937080+00:00,6.634817514544766,kWh
0000021412,2024-10-21T20:46:18.1937080+00:00,6.634817514544766,kWh
0000021413,2024-10-21T20:46:18.1937080+00:00,6.634817514544766,kWh
0000021414,2024-10-21T20:46:18.1937080+00:00,6.634817514544766,kWh
0000021415,2024-10-21T20:46:18.1937080+00:00,6.634817514544766,kWh
0000021416,2024-10-21T20:46:18.1937080+00:00,6.634817514544766,kWh
0000021417,2024-10-21T20:46:18.1937080+00:00,6.634817514544766,kWh
0000021418,2024-10-21T20:46:18.1937080+00:00,6.634817514544766,kWh
0000021419,2024-10-21T20:46:18.1937080+00:00,6.634817514544766,kWh
0000021420,2024-10-21T20:46:18.1937080+00:00,6.634817514544766,kWh
0000021421,2024-10-21T20:46:18.1937080+00:00,6.634817514544766,kWh
0000021422,2024-10-21T20:46:18.1937080+00:00,6.634817514544766,kWh
0000021423,2024-10-21T20:46:18.1937080+00:00,6.634817514544766,kWh
0000021424,2024-10-21T20:46:18.1937080+00:00,6.634817514544766,kWh
0000021425,2024-10-21T20:46:18.1937080+00:00,6.634817514544766,kWh
0000021426,2024-10-21T20:46:18.1937080+00:00,6.634817514544766,kWh
0000021427,2024-10-21T20:46:18.1937080+00:00,6.634817514544766,kWh
0000021428,2024-10-21T20:46:18.1937080+00:00,6.634817514544766,kWh
0000021429,2024-10-21T20:46:18.1937080+00:00,6.634817514544766,kWh
0000021430,2024-10-21T20:46:18.1937080+00:00,6.634817514544766,kWh
0000021431,2024-10-21T20:46:18.1937080+00:00,6.634817514544766,kWh
0000021432,2024-10-21T20:46:18.1937080+00:00,6.634817514544766,kWh
0000021433,2024-10-21T20:46:18.1937080+00:00,6.634817514544766,kWh
0000021434,2024-10-21T20:46:18.1937080+00:00,6.634817514544766,kWh
0000021435,2024-10-21T20:46:18.1937080+00:00,6.634817514544766,kWh
0000021436,2024-10-21T20:46:18.1937080+00:00,6.634817514544766,kWh
0000021437,2024-10-21T20:46:18.1937080+00:00,6.634817514544766,kWh
0000021438,2024-10-21T20:46:18.1937080+00:00,6.634817514544766,kWh
0000021439,2024-10-21T20:46:18.1937080+00:00,6.634817514544766,kWh
0000021440,2024-10-21T20:46:18.1937080+00:00,6.634817514544766,kWh
0000021441,2024-10-21T20:46:18.1937080+00:00,6.634817514544766,kWh
0000021442,2024-10-21T20:46:18.1937080+00:00,6.634817514544766,kWh
0000021443,2024-10-21T20:46:18.1937080+00:00,6.634817514544766,kWh
0000021444,2024-10-21T20:46:18.1937080+00:00,6.634817514544766,kWh
0000021445,2024-10-21T20:46:18.1937080+00:00,6.634817514544766,kWh
0000021446,2024-10-21T20:46:18.1937080+00:00,6.634817514544766,kWh
0000021447,2024-10-21T20:46:18.1937080+00:00,6.634817514544766,kWh
0000021448,2024-10-21T20:46:18.1937080+00:00,6.634817514544766,kWh
0000021449,2024-10-21T20:46:18.1937080+00:00,6.634817514544766,kWh
0000021450,2024-10-21T20:46:18.1937080+00:00,6.634817514544766,kWh
0000021451,2024-10-21T20:46:18.1937080+00:00,6.634817514544766,kWh
0000021452,2024-10-21T20:46:18.1937080+00:00,6.634817514544766,kWh
0000021453,2024-10-21T20:46:18.1937080+00:00,6.634817514544766,kWh
0000021454,2024-10-21T20:46:18.1937080+00:00,6.634817514544766,kWh
0000021455,2024-10-21T20:46:18.1937080+00:00,6.634817514544766,kWh
0000021456,2024-10-21T20:46:18.1937080+00:00,6.634817514544766,kWh
0000021457,2024-10-21T20:46:18.1937080+00:00,6.634817514544766,kWh
0000021458,2024-10-21T20:46:18.1937080+00:00,6.634817514544766,kWh
0000021459,2024-10-21T20:46:18.1937080+00:00,6.634817514544766,kWh
0000021460,2024-10-21T20:46:18.1937080+00:00,6.634817514544766,kWh
0000021461,2024-10-21T20:46:18.1937080+00:00,6.634817514544766,kWh
0000021462,2024-10-21T20:46:18.1937080+00:00,6.634817514544766,kWh
0000021463,2024-10-21T20:46:18.1937080+00:00,6.634817514544766,kWh
0000021464,2024-10-21T20:46:18.1937080+00:00,6.634817514544766,kWh
0000021465,2024-10-21T20:46:18.1937080+00:00,6.634817514544766,kWh
0000021466,2024-10-21T20:46:18.1937080+00:00,6.634817514544766,kWh
0000021467,2024-10-21T20:46:18.1937080+00:00,6.634817514544766,kWh
0000021468,2024-10-21T20:46:18.1937080+00:00,6.634817514544766,kWh
0000021469,2024-10-21T20:46:18.1937080+00:00,6.634817514544766,kWh
0000021470,2024-10-21T20:46:18.1937080+00:00,6.634817514544766,kWh
0000021471,2024-10-21T20:46:18.1937080+00:00,6.634817514544766,kWh
0000021472,2024-10-21T20:46:18.1937080+00:00,6.634817514544766,kWh
0000021473,2024-10-21T20:46:18.1937080+00:00,6.634817514544766,kWh
0000021474,2024-10-21T20:46:18.1937080+00:00,6.634817514544766,kWh
0000021475,2024-10-21T20:46:18.1937080+00:00,6.634817514544766,kWh
0000021476,2024-10-21T20:46:18.1937080+00:00,6.634817514544766,kWh
0000021477,2024-10-21T20:46:18.1937080+00:00,6.634817514544766,kWh
0000021478,2024-10-21T20:46:18.1937080+00:00,6.634817514544766,kWh
0000021479,2024-10-21T20:46:18.1937080+00:00,6.634817514544766,kWh
0000021480,2024-10-21T20:46:18.1937080+00:00,6.634817514544766,kWh
0000021481,2024-10-21T20:46:18.1937080+00:00,6.634817514544766,kWh
0000021482,2024-10-21T20:46:18.1937080+00:00,6.634817514544766,kWh
0000021483,2024-10-21T20:46:18.1937080+00:00,6.634817514544766,kWh
0000021484,2024-10-21T20:46:18.1937080+00:00,6.634817514544766,kWh
0000021485,2024-10-21T20:46:18.1937080+00:00,6.634817514544766,kWh
0000021486,2024-10-21T20:46:18.1937080+00:00,6.634817514544766,kWh
0000021487,2024-10-21T20:46:18.1937080+00:00,6.634817514544766,kWh
0000021488,2024-10-21T20:46:18.1937080+00:00,6.634817514544766,kWh
0000021489,2024-10-21T20:46:18.1937080+00:00,6.634817514544766,kWh
0000021490,2024-10-21T20:46:18.1937080+00:00,6.634817514544766,kWh
0000021491,2024-10-21T20:46:18.1937080+00:00,6.634817514544766,kWh
0000021492,2024-10-21T20:46:18.1937080+00:00,6.634817514544766,kWh
0000021493,2024-10-21T20:46:18.1937080+00:00,6.634817514544766,kWh
0000021494,2024-10-21T20:46:18.1937080+00:00,6.634817514544766,kWh
0000021495,2024-10-21T20:46:18.1937080+00:00,6.634817514544766,kWh
0000021496,2024-10-21T20:46:18.1937080+00:00,6.634817514544766,kWh
0000021497,2024-10-21T20:46:18.1937080+00:00,6.634817514544766,kWh
0000021498,2024-10-21T20:46:18.1937080+00:00,6.634817514544766,kWh
0000021499,2024-10-21T20:46:18.1937080+00:00,6.634817514544766,kWh
0000021500,2024-10-21T20:46:18.1937080+00:00,6.634817514544766,kWh
0000021501,2024-10-21T20:46:18.1937080+00:00,6.634817514544766,kWh
0000021502,2024-10-21T20:46:18.1937080+00:00,6.634817514544766,kWh
0000021503,2024-10-21T20:46:18.1937080+00:00,6.634817514544766,kWh
0000021504,2024-10-21T20:46:18.1937080+00:00,6.634817514544766,kWh
0000021505,2024-10-21T20:46:18.1937080+00:00,6.634817514544766,kWh
0000021506,2024-10-21T20:46:18.1937080+00:00,6.634817514544766,kWh
0000021507,2024-10-21T20:46:18.1937080+00:00,6.634817514544766,kWh
0000021508,2024-10-21T20:46:18.1937080+00:00,6.634817514544766,kWh
0000021509,2024-10-21T20:46:18.1937080+00:00,6.634817514544766,kWh
0000021510,2024-10-21T20:46:18.1937080+00:00,6.634817514544766,kWh
0000021511,2024-10-21T20:46:18.1937080+00:00,6.634817514544766,kWh
0000021512,2024-10-21T20:46:18.1937080+00:00,6.634817514544766,kWh
0000021513,2024-10-21T20:46:18.1937080+00:00,6.634817514544766,kWh
0000021514,2024-10-21T20:46:18.1937080+00:00,6.634817514544766,kWh
0000021515,2024-10-21T20:46:18.1937080+00:00,6.634817514544766,kWh
0000021516,2024-10-21T20:46:18.1937080+00:00,6.634817514544766,kWh
0000021517,2024-10-21T20:46:18.1937080+00:00,6.634817514544766,kWh
0000021518,2024-10-21T20:46:18.1937080+00:00,6.634817514544766,kWh
0000021519,2024-10-21T20:46:18.1937080+00:00,6.634817514544766,kWh
0000021520,2024-10-21T20:46:18.1937080+00:00,6.634817514544766,kWh
0000021521,2024-10-21T20:46:18.1937080+00:00,6.634817514544766,kWh
0000021522,2024-10-21T20:46:18.1937080+00:00,6.634817514544766,kWh
0000021523,2024-10-21T20:46:18.1937080+00:00,6.634817514544766,kWh
0000021524,2024-10-21T20:46:18.1937080+00:00,6.634817514544766,kWh
0000021525,2024-10-21T20:46:18.1937080+00:00,6.634817514544766,kWh
0000021526,2024-10-21T20:46:18.1937080+00:00,6.634817514544766,kWh
0000021527,2024-10-21T20:46:18.1937080+00:00,6.634817514544766,kWh
0000021528,2024-10-21T20:46:18.1937080+00:00,6.634817514544766,kWh
0000021529,2024-10-21T20:46:18.1937080+00:00,6.634817514544766,kWh
0000021530,2024-10-21T20:46:18.1937080+00:00,6.634817514544766,kWh
0000021531,2024-10-21T20:46:18.1937080+00:00,6.634817514544766,kWh
0000021532,2024-10-21T20:46:18.1937080+00:00,6.634817514544766,kWh
0000021533,2024-10-21T20:46:18.1937080+00:00,6.634817514544766,kWh
0000021534,2024-10-21T20:46:18.1937080+00:00,6.634817514544766,kWh
0000021535,2024-10-21T20:46:18.1937080+00:00,6.634817514544766,kWh
0000021536,2024-10-21T20:46:18.1937080+00:00,6.634817514544766,kWh
0000021537,2024-10-21T20:46:18.1937080+00:00,6.634817514544766,kWh
0000021538,2024-10-21T20:46:18.1937080+00:00,6.634817514544766,kWh
0000021539,2024-10-21T20:46:18.1937080+00:00,6.634817514544766,kWh
0000021540,2024-10-21T20:46:18.1937080+00:00,6.634817514544766,kWh
0000021541,2024-10-21T20:46:18.1937080+00:00,6.634817514544766,kWh
0000021542,2024-10-21T20:46:18.1937080+00:00,6.634817514544766,kWh
0000021543,2024-10-21T20:46:18.1937080+00:00,6.634817514544766,kWh
0000021544,2024-10-21T20:46:18.1937080+00:00,6.634817514544766,kWh
0000021545,2024-10-21T20:46:18.1937080+00:00,6.634817514544766,kWh
0000021546,2024-10-21T20:46:18.1937080+00:00,6.634817514544766,kWh
0000021547,2024-10-21T20:46:18.1937080+00:00,6.634817514544766,kWh
0000021548,2024-10-21T20:46:18.1937080+00:00,6.634817514544766,kWh
0000021549,2024-10-21T20:46:18.1937080+00:00,6.634817514544766,kWh
0000021550,2024-10-21T20:46:18.1937080+00:00,6.634817514544766,kWh
0000021551,2024-10-21T20:46:18.1937080+00:00,6.634817514544766,kWh
0000021552,2024-10-21T20:46:18.1937080+00:00,6.634817514544766,kWh
0000021553,2024-10-21T20:46:18.1937080+00:00,6.634817514544766,kWh
0000021554,2024-10-21T20:46:18.1937080+00:00,6.634817514544766,kWh
0000021555,2024-10-21T20:46:18.1937080+00:00,6.634817514544766,kWh
0000021556,2024-10-21T20:46:18.1937080+00:00,6.634817514544766,kWh
0000021557,2024-10-21T20:46:18.1937080+00:00,6.634817514544766,kWh
0000021558,2024-10-21T20:46:18.1937080+00:00,6.634817514544766,kWh
0000021559,2024-10-21T20:46:18.1937080+00:00,6.634817514544766,kWh
0000021560,2024-10-21T20:46:18.1937080+00:00,6.634817514544766,kWh
0000021561,2024-10-21T20:46:18.1937080+00:00,6.634817514544766,kWh
0000021562,2024-10-21T20:46:18.1937080+00:00,6.634817514544766,kWh
0000021563,2024-10-21T20:46:18.1937080+00:00,6.634817514544766,kWh
0000021564,2024-10-21T20:46:18.1937080+00:00,6.634817514544766,kWh
0000021565,2024-10-21T20:46:18.1937080+00:00,6.634817514544766,kWh
0000021566,2024-10-21T20:46:18.1937080+00:00,6.634817514544766,kWh
0000021567,2024-10-21T20:46:18.1937080+00:00,6.634817514544766,kWh
0000021568,2024-10-21T20:46:18.1937080+00:00,6.634817514544766,kWh
0000021569,2024-10-21T20:46:18.1937080+00:00,6.634817514544766,kWh
0000021570,2024-10-21T20:46:18.1937080+00:00,6.634817514544766,kWh
0000021571,2024-10-21T20:46:18.1937080+00:00,6.634817514544766,kWh
0000021572,2024-10-21T20:46:18.1937080+00:00,6.634817514544766,kWh
0000021573,2024-10-21T20:46:18.1937080+00:00,6.634817514544766,kWh
0000021574,2024-10-21T20:46:18.1937080+00:00,6.634817514544766,kWh
0000021575,2024-10-21T20:46:18.1937080+00:00,6.634817514544766,kWh
0000021576,2024-10-21T20:46:18.1937080+00:00,6.634817514544766,kWh
0000021577,2024-10-21T20:46:18.1937080+00:00,6.634817514544766,kWh
0000021578,2024-10-21T20:46:18.1937080+00:00,6.634817514544766,kWh
0000021579,2024-10-21T20:46:18.1937080+00:00,6.634817514544766,kWh
0000021580,2024-10-21T20:46:18.1937080+00:00,6.634817514544766,kWh
0000021581,2024-10-21T20:46:18.1937080+00:00,6.634817514544766,kWh
0000021582,2024-10-21T20:46:18.1937080+00:00,6.634817514544766,kWh
0000021583,2024-10-21T20:46:18.1937080+00:00,6.634817514544766,kWh
0000021584,2024-10-21T20:46:18.1937080+00:00,6.634817514544766,kWh
0000021585,2024-10-21T20:46:18.1937080+00:00,6.634817514544766,kWh
0000021586,2024-10-21T20:46:18.1937080+00:00,6.634817514544766,kWh
0000021587,2024-10-21T20:46:18.1937080+00:00,6.634817514544766,kWh
0000021588,2024-10-21T20:46:18.1937080+00:00,6.634817514544766,kWh
0000021589,2024-10-21T20:46:18.1937080+00:00,6.634817514544766,kWh
0000021590,2024-10-21T20:46:18.1937080+00:00,6.634817514544766,kWh
0000021591,2024-10-21T20:46:18.1937080+00:00,6.634817514544766,kWh
0000021592,2024-10-21T20:46:18.1937080+00:00,6.634817514544766,kWh
0000021593,2024-10-21T20:46:18.1937080+00:00,6.634817514544766,kWh
0000021594,2024-10-21T20:46:18.1937080+00:00,6.634817514544766,kWh
0000021595,2024-10-21T20:46:18.1937080+00:00,6.634817514544766,kWh
0000021596,2024-10-21T20:46:18.1937080+00:00,6.634817514544766,kWh
0000021597,2024-10-21T20:46:18.1937080+00:00,6.634817514544766,kWh
0000021598,2024-10-21T20:46:18.1937080+00:00,6.634817514544766,kWh
0000021599,2024-10-21T20:46:18.1937080+00:00,6.634817514544766,kWh
0000021600,2024-10-21T20:46:18.1937080+00:00,6.634817514544766,kWh
0000021601,2024-10-21T20:46:18.1937080+00:00,6.634817514544766,kWh
0000021602,2024-10-21T20:46:18.1937080+00:00,6.634817514544766,kWh
0000021603,2024-10-21T20:46:18.1937080+00:00,6.634817514544766,kWh
0000021604,2024-10-21T20:46:18.1937080+00:00,6.634817514544766,kWh
0000021605,2024-10-21T20:46:18.1937080+00:00,6.634817514544766,kWh
0000021606,2024-10-21T20:46:18.1937080+00:00,6.634817514544766,kWh
0000021607,2024-10-21T20:46:18.1937080+00:00,6.634817514544766,kWh
0000021608,2024-10-21T20:46:18.1937080+00:00,6.634817514544766,kWh
0000021609,2024-10-21T20:46:18.1937080+00:00,6.634817514544766,kWh
0000021610,2024-10-21T20:46:18.1937080+00:00,6.634817514544766,kWh
0000021611,2024-10-21T20:46:18.1937080+00:00,6.634817514544766,kWh
0000021612,2024-10-21T20:46:18.1937080+00:00,6.634817514544766,kWh
0000021613,2024-10-21T20:46:18.1937080+00:00,6.634817514544766,kWh
0000021614,2024-10-21T20:46:18.1937080+00:00,6.634817514544766,kWh
0000021615,2024-10-21T20:46:18.1937080+00:00,6.634817514544766,kWh
0000021616,2024-10-21T20:46:18.1937080+00:00,6.634817514544766,kWh
0000021617,2024-10-21T20:46:18.1937080+00:00,6.634817514544766,kWh
0000021618,2024-10-21T20:46:18.1937080+00:00,6.634817514544766,kWh
0000021619,2024-10-21T20:46:18.1937080+00:00,6.634817514544766,kWh
0000021620,2024-10-21T20:46:18.1937080+00:00,6.634817514544766,kWh
0000021621,2024-10-21T20:46:18.1937080+00:00,6.634817514544766,kWh
0000021622,2024-10-21T20:46:18.1937080+00:00,6.634817514544766,kWh
0000021623,2024-10-21T20:46:18.1937080+00:00,6.634817514544766,kWh
0000021624,2024-10-21T20:46:18.1937080+00:00,6.634817514544766,kWh
0000021625,2024-10-21T20:46:18.1937080+00:00,6.634817514544766,kWh
0000021626,2024-10-21T20:46:18.1937080+00:00,6.634817514544766,kWh
0000021627,2024-10-21T20:46:18.1937080+00:00,6.634817514544766,kWh
0000021628,2024-10-21T20:46:18.1937080+00:00,6.634817514544766,kWh
0000021629,2024-10-21T20:46:18.1937080+00:00,6.634817514544766,kWh
0000021630,2024-10-21T20:46:18.1937080+00:00,6.634817514544766,kWh
0000021631,2024-10-21T20:46:18.1937080+00:00,6.634817514544766,kWh
0000021632,2024-10-21T20:46:18.1937080+00:00,6.634817514544766,kWh
0000021633,2024-10-21T20:46:18.1937080+00:00,6.634817514544766,kWh
0000021634,2024-10-21T20:46:18.1937080+00:00,6.634817514544766,kWh
0000021635,2024-10-21T20:46:18.1937080+00:00,6.634817514544766,kWh
0000021636,2024-10-21T20:46:18.1937080+00:00,6.634817514544766,kWh
0000021637,2024-10-21T20:46:18.1937080+00:00,6.634817514544766,kWh
0000021638,2024-10-21T20:46:18.1937080+00:00,6.634817514544766,kWh
0000021639,2024-10-21T20:46:18.1937080+00:00,6.634817514544766,kWh
0000021640,2024-10-21T20:46:18.1937080+00:00,6.634817514544766,kWh
0000021641,2024-10-21T20:46:18.1937080+00:00,6.634817514544766,kWh
0000021642,2024-10-21T20:46:18.1937080+00:00,6.634817514544766,kWh
0000021643,2024-10-21T20:46:18.1937080+00:00,6.634817514544766,kWh
0000021644,2024-10-21T20:46:18.1937080+00:00,6.634817514544766,kWh
0000021645,2024-10-21T20:46:18.1937080+00:00,6.634817514544766,kWh
0000021646,2024-10-21T20:46:18.1937080+00:00,6.634817514544766,kWh
0000021647,2024-10-21T20:46:18.1937080+00:00,6.634817514544766,kWh
0000021648,2024-10-21T20:46:18.1937080+00:00,6.634817514544766,kWh
0000021649,2024-10-21T20:46:18.1937080+00:00,6.634817514544766,kWh
0000021650,2024-10-21T20:46:18.1937080+00:00,6.634817514544766,kWh
0000021651,2024-10-21T20:46:18.1937080+00:00,6.634817514544766,kWh
0000021652,2024-10-21T20:46:18.1937080+00:00,6.634817514544766,kWh
0000021653,2024-10-21T20:46:18.1937080+00:00,6.634817514544766,kWh
0000021654,2024-10-21T20:46:18.1937080+00:00,6.634817514544766,kWh
0000021655,2024-10-21T20:46:18.1937080+00:00,6.634817514544766,kWh
0000021656,2024-10-21T20:46:18.1937080+00:00,6.634817514544766,kWh
0000021657,2024-10-21T20:46:18.1937080+00:00,6.634817514544766,kWh
0000021658,2024-10-21T20:46:18.1937080+00:00,6.634817514544766,kWh
0000021659,2024-10-21T20:46:18.1937080+00:00,6.634817514544766,kWh
0000021660,2024-10-21T20:46:18.1937080+00:00,6.634817514544766,kWh
0000021661,2024-10-21T20:46:18.1937080+00:00,6.634817514544766,kWh
0000021662,2024-10-21T20:46:18.1937080+00:00,6.634817514544766,kWh
0000021663,2024-10-21T20:46:18.1937080+00:00,6.634817514544766,kWh
0000021664,2024-10-21T20:46:18.1937080+00:00,6.634817514544766,kWh
0000021665,2024-10-21T20:46:18.1937080+00:00,6.634817514544766,kWh
0000021666,2024-10-21T20:46:18.1937080+00:00,6.634817514544766,kWh
0000021667,2024-10-21T20:46:18.1937080+00:00,6.634817514544766,kWh
0000021668,2024-10-21T20:46:18.1937080+00:00,6.634817514544766,kWh
0000021669,2024-10-21T20:46:18.1937080+00:00,6.634817514544766,kWh
0000021670,2024-10-21T20:46:18.1937080+00:00,6.634817514544766,kWh
0000021671,2024-10-21T20:46:18.1937080+00:00,6.634817514544766,kWh
0000021672,2024-10-21T20:46:18.1937080+00:00,6.634817514544766,kWh
0000021673,2024-10-21T20:46:18.1937080+00:00,6.634817514544766,kWh
0000021674,2024-10-21T20:46:18.1937080+00:00,6.634817514544766,kWh
0000021675,2024-10-21T20:46:18.1937080+00:00,6.634817514544766,kWh
0000021676,2024-10-21T20:46:18.1937080+00:00,6.634817514544766,kWh
0000021677,2024-10-21T20:46:18.1937080+00:00,6.634817514544766,kWh
0000021678,2024-10-21T20:46:18.1937080+00:00,6.634817514544766,kWh
0000021679,2024-10-21T20:46:18.1937080+00:00,6.634817514544766,kWh
0000021680,2024-10-21T20:46:18.1937080+00:00,6.634817514544766,kWh
0000021681,2024-10-21T20:46:18.1937080+00:00,6.634817514544766,kWh
0000021682,2024-10-21T20:46:18.1937080+00:00,6.634817514544766,kWh
0000021683,2024-10-21T20:46:18.1937080+00:00,6.634817514544766,kWh
0000021684,2024-10-21T20:46:18.1937080+00:00,6.634817514544766,kWh
0000021685,2024-10-21T20:46:18.1937080+00:00,6.634817514544766,kWh
0000021686,2024-10-21T20:46:18.1937080+00:00,6.634817514544766,kWh
0000021687,2024-10-21T20:46:18.1937080+00:00,6.634817514544766,kWh
0000021688,2024-10-21T20:46:18.1937080+00:00,6.634817514544766,kWh
0000021689,2024-10-21T20:46:18.1937080+00:00,6.634817514544766,kWh
0000021690,2024-10-21T20:46:18.1937080+00:00,6.634817514544766,kWh
0000021691,2024-10-21T20:46:18.1937080+00:00,6.634817514544766,kWh
0000021692,2024-10-21T20:46:18.1937080+00:00,6.634817514544766,kWh
0000021693,2024-10-21T20:46:18.1937080+00:00,6.634817514544766,kWh
0000021694,2024-10-21T20:46:18.1937080+00:00,6.634817514544766,kWh
0000021695,2024-10-21T20:46:18.1937080+00:00,6.634817514544766,kWh
0000021696,2024-10-21T20:46:18.1937080+00:00,6.634817514544766,kWh
0000021697,2024-10-21T20:46:18.1937080+00:00,6.634817514544766,kWh
0000021698,2024-10-21T20:46:18.1937080+00:00,6.634817514544766,kWh
0000021699,2024-10-21T20:46:18.1937080+00:00,6.634817514544766,kWh
0000021700,2024-10-21T20:46:18.1937080+00:00,6.634817514544766,kWh
0000021701,2024-10-21T20:46:18.1937080+00:00,6.634817514544766,kWh
0000021702,2024-10-21T20:46:18.1937080+00:00,6.634817514544766,kWh
0000021703,2024-10-21T20:46:18.1937080+00:00,6.634817514544766,kWh
0000021704,2024-10-21T20:46:18.1937080+00:00,6.634817514544766,kWh
0000021705,2024-10-21T20:46:18.1937080+00:00,6.634817514544766,kWh
0000021706,2024-10-21T20:46:18.1937080+00:00,6.634817514544766,kWh
0000021707,2024-10-21T20:46:18.1937080+00:00,6.634817514544766,kWh
0000021708,2024-10-21T20:46:18.1937080+00:00,6.634817514544766,kWh
0000021709,2024-10-21T20:46:18.1937080+00:00,6.634817514544766,kWh
0000021710,2024-10-21T20:46:18.1937080+00:00,6.634817514544766,kWh
0000021711,2024-10-21T20:46:18.1937080+00:00,6.634817514544766,kWh
0000021712,2024-10-21T20:46:18.1937080+00:00,6.634817514544766,kWh
0000021713,2024-10-21T20:46:18.1937080+00:00,6.634817514544766,kWh
0000021714,2024-10-21T20:46:18.1937080+00:00,6.634817514544766,kWh
0000021715,2024-10-21T20:46:18.1937080+00:00,6.634817514544766,kWh
0000021716,2024-10-21T20:46:18.1937080+00:00,6.634817514544766,kWh
0000021717,2024-10-21T20:46:18.1937080+00:00,6.634817514544766,kWh
0000021718,2024-10-21T20:46:18.1937080+00:00,6.634817514544766,kWh
0000021719,2024-10-21T20:46:18.1937080+00:00,6.634817514544766,kWh
0000021720,2024-10-21T20:46:18.1937080+00:00,6.634817514544766,kWh
0000021721,2024-10-21T20:46:18.1937080+00:00,6.634817514544766,kWh
0000021722,2024-10-21T20:46:18.1937080+00:00,6.634817514544766,kWh
0000021723,2024-10-21T20:46:18.1937080+00:00,6.634817514544766,kWh
0000021724,2024-10-21T20:46:18.1937080+00:00,6.634817514544766,kWh
0000021725,2024-10-21T20:46:18.1937080+00:00,6.634817514544766,kWh
0000021726,2024-10-21T20:46:18.1937080+00:00,6.634817514544766,kWh
0000021727,2024-10-21T20:46:18.1937080+00:00,6.634817514544766,kWh
0000021728,2024-10-21T20:46:18.1937080+00:00,6.634817514544766,kWh
0000021729,2024-10-21T20:46:18.1937080+00:00,6.634817514544766,kWh
0000021730,2024-10-21T20:46:18.1937080+00:00,6.634817514544766,kWh
0000021731,2024-10-21T20:46:18.1937080+00:00,6.634817514544766,kWh
0000021732,2024-10-21T20:46:18.1937080+00:00,6.634817514544766,kWh
0000021733,2024-10-21T20:46:18.1937080+00:00,6.634817514544766,kWh
0000021734,2024-10-21T20:46:18.1937080+00:00,6.634817514544766,kWh
0000021735,2024-10-21T20:46:18.1937080+00:00,6.634817514544766,kWh
0000021736,2024-10-21T20:46:18.1937080+00:00,6.634817514544766,kWh
0000021737,2024-10-21T20:46:18.1937080+00:00,6.634817514544766,kWh
0000021738,2024-10-21T20:46:18.1937080+00:00,6.634817514544766,kWh
0000021739,2024-10-21T20:46:18.1937080+00:00,6.634817514544766,kWh
0000021740,2024-10-21T20:46:18.1937080+00:00,6.634817514544766,kWh
0000021741,2024-10-21T20:46:18.1937080+00:00,6.634817514544766,kWh
0000021742,2024-10-21T20:46:18.1937080+00:00,6.634817514544766,kWh
0000021743,2024-10-21T20:46:18.1937080+00:00,6.634817514544766,kWh
0000021744,2024-10-21T20:46:18.1937080+00:00,6.634817514544766,kWh
0000021745,2024-10-21T20:46:18.1937080+00:00,6.634817514544766,kWh
0000021746,2024-10-21T20:46:18.1937080+00:00,6.634817514544766,kWh
0000021747,2024-10-21T20:46:18.1937080+00:00,6.634817514544766,kWh
0000021748,2024-10-21T20:46:18.1937080+00:00,6.634817514544766,kWh
0000021749,2024-10-21T20:46:18.1937080+00:00,6.634817514544766,kWh
0000021750,2024-10-21T20:46:18.1937080+00:00,6.634817514544766,kWh
0000021751,2024-10-21T20:46:18.1937080+00:00,6.634817514544766,kWh
0000021752,2024-10-21T20:46:18.1937080+00:00,6.634817514544766,kWh
0000021753,2024-10-21T20:46:18.1937080+00:00,6.634817514544766,kWh
0000021754,2024-10-21T20:46:18.1937080+00:00,6.634817514544766,kWh
0000021755,2024-10-21T20:46:18.1937080+00:00,6.634817514544766,kWh
0000021756,2024-10-21T20:46:18.1937080+00:00,6.634817514544766,kWh
0000021757,2024-10-21T20:46:18.1937080+00:00,6.634817514544766,kWh
0000021758,2024-10-21T20:46:18.1937080+00:00,6.634817514544766,kWh
0000021759,2024-10-21T20:46:18.1937080+00:00,6.634817514544766,kWh
0000021760,2024-10-21T20:46:18.1937080+00:00,6.634817514544766,kWh
0000021761,2024-10-21T20:46:18.1937080+00:00,6.634817514544766,kWh
0000021762,2024-10-21T20:46:18.1937080+00:00,6.634817514544766,kWh
0000021763,2024-10-21T20:46:18.1937080+00:00,6.634817514544766,kWh
0000021764,2024-10-21T20:46:18.1937080+00:00,6.634817514544766,kWh
0000021765,2024-10-21T20:46:18.1937080+00:00,6.634817514544766,kWh
0000021766,2024-10-21T20:46:18.1937080+00:00,6.634817514544766,kWh
0000021767,2024-10-21T20:46:18.1937080+00:00,6.634817514544766,kWh
0000021768,2024-10-21T20:46:18.1937080+00:00,6.634817514544766,kWh
0000021769,2024-10-21T20:46:18.1937080+00:00,6.634817514544766,kWh
0000021770,2024-10-21T20:46:18.1937080+00:00,6.634817514544766,kWh
0000021771,2024-10-21T20:46:18.1937080+00:00,6.634817514544766,kWh
0000021772,2024-10-21T20:46:18.1937080+00:00,6.634817514544766,kWh
0000021773,2024-10-21T20:46:18.1937080+00:00,6.634817514544766,kWh
0000021774,2024-10-21T20:46:18.1937080+00:00,6.634817514544766,kWh
0000021775,2024-10-21T20:46:18.1937080+00:00,6.634817514544766,kWh
0000021776,2024-10-21T20:46:18.1937080+00:00,6.634817514544766,kWh
0000021777,2024-10-21T20:46:18.1937080+00:00,6.634817514544766,kWh
0000021778,2024-10-21T20:46:18.1937080+00:00,6.634817514544766,kWh
0000021779,2024-10-21T20:46:18.1937080+00:00,6.634817514544766,kWh
0000021780,2024-10-21T20:46:18.1937080+00:00,6.634817514544766,kWh
0000021781,2024-10-21T20:46:18.1937080+00:00,6.634817514544766,kWh
0000021782,2024-10-21T20:46:18.1937080+00:00,6.634817514544766,kWh
0000021783,2024-10-21T20:46:18.1937080+00:00,6.634817514544766,kWh
0000021784,2024-10-21T20:46:18.1937080+00:00,6.634817514544766,kWh
0000021785,2024-10-21T20:46:18.1937080+00:00,6.634817514544766,kWh
0000021786,2024-10-21T20:46:18.1937080+00:00,6.634817514544766,kWh
0000021787,2024-10-21T20:46:18.1937080+00:00,6.634817514544766,kWh
0000021788,2024-10-21T20:46:18.1937080+00:00,6.634817514544766,kWh
0000021789,2024-10-21T20:46:18.1937080+00:00,6.634817514544766,kWh
0000021790,2024-10-21T20:46:18.1937080+00:00,6.634817514544766,kWh
0000021791,2024-10-21T20:46:18.1937080+00:00,6.634817514544766,kWh
0000021792,2024-10-21T20:46:18.1937080+00:00,6.634817514544766,kWh
0000021793,2024-10-21T20:46:18.1937080+00:00,6.634817514544766,kWh
0000021794,2024-10-21T20:46:18.1937080+00:00,6.634817514544766,kWh
0000021795,2024-10-21T20:46:18.1937080+00:00,6.634817514544766,kWh
0000021796,2024-10-21T20:46:18.1937080+00:00,6.634817514544766,kWh
0000021797,2024-10-21T20:46:18.1937080+00:00,6.634817514544766,kWh
0000021798,2024-10-21T20:46:18.1937080+00:00,6.634817514544766,kWh
0000021799,2024-10-21T20:46:18.1937080+00:00,6.634817514544766,kWh
0000021800,2024-10-21T20:46:18.1937080+00:00,6.634817514544766,kWh
0000021801,2024-10-21T20:46:18.1937080+00:00,6.634817514544766,kWh
0000021802,2024-10-21T20:46:18.1937080+00:00,6.634817514544766,kWh
0000021803,2024-10-21T20:46:18.1937080+00:00,6.634817514544766,kWh
0000021804,2024-10-21T20:46:18.1937080+00:00,6.634817514544766,kWh
0000021805,2024-10-21T20:46:18.1937080+00:00,6.634817514544766,kWh
0000021806,2024-10-21T20:46:18.1937080+00:00,6.634817514544766,kWh
0000021807,2024-10-21T20:46:18.1937080+00:00,6.634817514544766,kWh
0000021808,2024-10-21T20:46:18.1937080+00:00,6.634817514544766,kWh
0000021809,2024-10-21T20:46:18.1937080+00:00,6.634817514544766,kWh
0000021810,2024-10-21T20:46:18.1937080+00:00,6.634817514544766,kWh
0000021811,2024-10-21T20:46:18.1937080+00:00,6.634817514544766,kWh
0000021812,2024-10-21T20:46:18.1937080+00:00,6.634817514544766,kWh
0000021813,2024-10-21T20:46:18.1937080+00:00,6.634817514544766,kWh
0000021814,2024-10-21T20:46:18.1937080+00:00,6.634817514544766,kWh
0000021815,2024-10-21T20:46:18.1937080+00:00,6.634817514544766,kWh
0000021816,2024-10-21T20:46:18.1937080+00:00,6.634817514544766,kWh
0000021817,2024-10-21T20:46:18.1937080+00:00,6.634817514544766,kWh
0000021818,2024-10-21T20:46:18.1937080+00:00,6.634817514544766,kWh
0000021819,2024-10-21T20:46:18.1937080+00:00,6.634817514544766,kWh
0000021820,2024-10-21T20:46:18.1937080+00:00,6.634817514544766,kWh
0000021821,2024-10-21T20:46:18.1937080+00:00,6.634817514544766,kWh
0000021822,2024-10-21T20:46:18.1937080+00:00,6.634817514544766,kWh
0000021823,2024-10-21T20:46:18.1937080+00:00,6.634817514544766,kWh
0000021824,2024-10-21T20:46:18.1937080+00:00,6.634817514544766,kWh
0000021825,2024-10-21T20:46:18.1937080+00:00,6.634817514544766,kWh
0000021826,2024-10-21T20:46:18.1937080+00:00,6.634817514544766,kWh
0000021827,2024-10-21T20:46:18.1937080+00:00,6.634817514544766,kWh
0000021828,2024-10-21T20:46:18.1937080+00:00,6.634817514544766,kWh
0000021829,2024-10-21T20:46:18.1937080+00:00,6.634817514544766,kWh
0000021830,2024-10-21T20:46:18.1937080+00:00,6.634817514544766,kWh
0000021831,2024-10-21T20:46:18.1937080+00:00,6.634817514544766,kWh
0000021832,2024-10-21T20:46:18.1937080+00:00,6.634817514544766,kWh
0000021833,2024-10-21T20:46:18.1937080+00:00,6.634817514544766,kWh
0000021834,2024-10-21T20:46:18.1937080+00:00,6.634817514544766,kWh
0000021835,2024-10-21T20:46:18.1937080+00:00,6.634817514544766,kWh
0000021836,2024-10-21T20:46:18.1937080+00:00,6.634817514544766,kWh
0000021837,2024-10-21T20:46:18.1937080+00:00,6.634817514544766,kWh
0000021838,2024-10-21T20:46:18.1937080+00:00,6.634817514544766,kWh
0000021839,2024-10-21T20:46:18.1937080+00:00,6.634817514544766,kWh
0000021840,2024-10-21T20:46:18.1937080+00:00,6.634817514544766,kWh
0000021841,2024-10-21T20:46:18.1937080+00:00,6.634817514544766,kWh
0000021842,2024-10-21T20:46:18.1937080+00:00,6.634817514544766,kWh
0000021843,2024-10-21T20:46:18.1937080+00:00,6.634817514544766,kWh
0000021844,2024-10-21T20:46:18.1937080+00:00,6.634817514544766,kWh
0000021845,2024-10-21T20:46:18.1937080+00:00,6.634817514544766,kWh
0000021846,2024-10-21T20:46:18.1937080+00:00,6.634817514544766,kWh
0000021847,2024-10-21T20:46:18.1937080+00:00,6.634817514544766,kWh
0000021848,2024-10-21T20:46:18.1937080+00:00,6.634817514544766,kWh
0000021849,2024-10-21T20:46:18.1937080+00:00,6.634817514544766,kWh
0000021850,2024-10-21T20:46:18.1937080+00:00,6.634817514544766,kWh
0000021851,2024-10-21T20:46:18.1937080+00:00,6.634817514544766,kWh
0000021852,2024-10-21T20:46:18.1937080+00:00,6.634817514544766,kWh
0000021853,2024-10-21T20:46:18.1937080+00:00,6.634817514544766,kWh
0000021854,2024-10-21T20:46:18.1937080+00:00,6.634817514544766,kWh
0000021855,2024-10-21T20:46:18.1937080+00:00,6.634817514544766,kWh
0000021856,2024-10-21T20:46:18.1937080+00:00,6.634817514544766,kWh
0000021857,2024-10-21T20:46:18.1937080+00:00,6.634817514544766,kWh
0000021858,2024-10-21T20:46:18.1937080+00:00,6.634817514544766,kWh
0000021859,2024-10-21T20:46:18.1937080+00:00,6.634817514544766,kWh
0000021860,2024-10-21T20:46:18.1937080+00:00,6.634817514544766,kWh
0000021861,2024-10-21T20:46:18.1937080+00:00,6.634817514544766,kWh
0000021862,2024-10-21T20:46:18.1937080+00:00,6.634817514544766,kWh
0000021863,2024-10-21T20:46:18.1937080+00:00,6.634817514544766,kWh
0000021864,2024-10-21T20:46:18.1937080+00:00,6.634817514544766,kWh
0000021865,2024-10-21T20:46:18.1937080+00:00,6.634817514544766,kWh
0000021866,2024-10-21T20:46:18.1937080+00:00,6.634817514544766,kWh
0000021867,2024-10-21T20:46:18.1937080+00:00,6.634817514544766,kWh
0000021868,2024-10-21T20:46:18.1937080+00:00,6.634817514544766,kWh
0000021869,2024-10-21T20:46:18.1937080+00:00,6.634817514544766,kWh
0000021870,2024-10-21T20:46:18.1937080+00:00,6.634817514544766,kWh
0000021871,2024-10-21T20:46:18.1937080+00:00,6.634817514544766,kWh
0000021872,2024-10-21T20:46:18.1937080+00:00,6.634817514544766,kWh
0000021873,2024-10-21T20:46:18.1937080+00:00,6.634817514544766,kWh
0000021874,2024-10-21T20:46:18.1937080+00:00,6.634817514544766,kWh
0000021875,2024-10-21T20:46:18.1937080+00:00,6.634817514544766,kWh
0000021876,2024-10-21T20:46:18.1937080+00:00,6.634817514544766,kWh
0000021877,2024-10-21T20:46:18.1937080+00:00,6.634817514544766,kWh
0000021878,2024-10-21T20:46:18.1937080+00:00,6.634817514544766,kWh
0000021879,2024-10-21T20:46:18.1937080+00:00,6.634817514544766,kWh
0000021880,2024-10-21T20:46:18.1937080+00:00,6.634817514544766,kWh
0000021881,2024-10-21T20:46:18.1937080+00:00,6.634817514544766,kWh
0000021882,2024-10-21T20:46:18.1937080+00:00,6.634817514544766,kWh
0000021883,2024-10-21T20:46:18.1937080+00:00,6.634817514544766,kWh
0000021884,2024-10-21T20:46:18.1937080+00:00,6.634817514544766,kWh
0000021885,2024-10-21T20:46:18.1937080+00:00,6.634817514544766,kWh
0000021886,2024-10-21T20:46:18.1937080+00:00,6.634817514544766,kWh
0000021887,2024-10-21T20:46:18.1937080+00:00,6.634817514544766,kWh
0000021888,2024-10-21T20:46:18.1937080+00:00,6.634817514544766,kWh
0000021889,2024-10-21T20:46:18.1937080+00:00,6.634817514544766,kWh
0000021890,2024-10-21T20:46:18.1937080+00:00,6.634817514544766,kWh
0000021891,2024-10-21T20:46:18.1937080+00:00,6.634817514544766,kWh
0000021892,2024-10-21T20:46:18.1937080+00:00,6.634817514544766,kWh
0000021893,2024-10-21T20:46:18.1937080+00:00,6.634817514544766,kWh
0000021894,2024-10-21T20:46:18.1937080+00:00,6.634817514544766,kWh
0000021895,2024-10-21T20:46:18.1937080+00:00,6.634817514544766,kWh
0000021896,2024-10-21T20:46:18.1937080+00:00,6.634817514544766,kWh
0000021897,2024-10-21T20:46:18.1937080+00:00,6.634817514544766,kWh
0000021898,2024-10-21T20:46:18.1937080+00:00,6.634817514544766,kWh
0000021899,2024-10-21T20:46:18.1937080+00:00,6.634817514544766,kWh
0000021900,2024-10-21T20:46:18.1937080+00:00,6.634817514544766,kWh
0000021901,2024-10-21T20:46:18.1937080+00:00,6.634817514544766,kWh
0000021902,2024-10-21T20:46:18.1937080+00:00,6.634817514544766,kWh
0000021903,2024-10-21T20:46:18.1937080+00:00,6.634817514544766,kWh
0000021904,2024-10-21T20:46:18.1937080+00:00,6.634817514544766,kWh
0000021905,2024-10-21T20:46:18.1937080+00:00,6.634817514544766,kWh
0000021906,2024-10-21T20:46:18.1937080+00:00,6.634817514544766,kWh
0000021907,2024-10-21T20:46:18.1937080+00:00,6.634817514544766,kWh
0000021908,2024-10-21T20:46:18.1937080+00:00,6.634817514544766,kWh
0000021909,2024-10-21T20:46:18.1937080+00:00,6.634817514544766,kWh
0000021910,2024-10-21T20:46:18.1937080+00:00,6.634817514544766,kWh
0000021911,2024-10-21T20:46:18.1937080+00:00,6.634817514544766,kWh
0000021912,2024-10-21T20:46:18.1937080+00:00,6.634817514544766,kWh
0000021913,2024-10-21T20:46:18.1937080+00:00,6.634817514544766,kWh
0000021914,2024-10-21T20:46:18.1937080+00:00,6.634817514544766,kWh
0000021915,2024-10-21T20:46:18.1937080+00:00,6.634817514544766,kWh
0000021916,2024-10-21T20:46:18.1937080+00:00,6.634817514544766,kWh
0000021917,2024-10-21T20:46:18.1937080+00:00,6.634817514544766,kWh
0000021918,2024-10-21T20:46:18.1937080+00:00,6.634817514544766,kWh
0000021919,2024-10-21T20:46:18.1937080+00:00,6.634817514544766,kWh
0000021920,2024-10-21T20:46:18.1937080+00:00,6.634817514544766,kWh
0000021921,2024-10-21T20:46:18.1937080+00:00,6.634817514544766,kWh
0000021922,2024-10-21T20:46:18.1937080+00:00,6.634817514544766,kWh
0000021923,2024-10-21T20:46:18.1937080+00:00,6.634817514544766,kWh
0000021924,2024-10-21T20:46:18.1937080+00:00,6.634817514544766,kWh
0000021925,2024-10-21T20:46:18.1937080+00:00,6.634817514544766,kWh
0000021926,2024-10-21T20:46:18.1937080+00:00,6.634817514544766,kWh
0000021927,2024-10-21T20:46:18.1937080+00:00,6.634817514544766,kWh
0000021928,2024-10-21T20:46:18.1937080+00:00,6.634817514544766,kWh
0000021929,2024-10-21T20:46:18.1937080+00:00,6.634817514544766,kWh
0000021930,2024-10-21T20:46:18.1937080+00:00,6.634817514544766,kWh
0000021931,2024-10-21T20:46:18.1937080+00:00,6.634817514544766,kWh
0000021932,2024-10-21T20:46:18.1937080+00:00,6.634817514544766,kWh
0000021933,2024-10-21T20:46:18.1937080+00:00,6.634817514544766,kWh
0000021934,2024-10-21T20:46:18.1937080+00:00,6.634817514544766,kWh
0000021935,2024-10-21T20:46:18.1937080+00:00,6.634817514544766,kWh
0000021936,2024-10-21T20:46:18.1937080+00:00,6.634817514544766,kWh
0000021937,2024-10-21T20:46:18.1937080+00:00,6.634817514544766,kWh
0000021938,2024-10-21T20:46:18.1937080+00:00,6.634817514544766,kWh
0000021939,2024-10-21T20:46:18.1937080+00:00,6.634817514544766,kWh
0000021940,2024-10-21T20:46:18.1937080+00:00,6.634817514544766,kWh
0000021941,2024-10-21T20:46:18.1937080+00:00,6.634817514544766,kWh
0000021942,2024-10-21T20:46:18.1937080+00:00,6.634817514544766,kWh
0000021943,2024-10-21T20:46:18.1937080+00:00,6.634817514544766,kWh
0000021944,2024-10-21T20:46:18.1937080+00:00,6.634817514544766,kWh
0000021945,2024-10-21T20:46:18.1937080+00:00,6.634817514544766,kWh
0000021946,2024-10-21T20:46:18.1937080+00:00,6.634817514544766,kWh
0000021947,2024-10-21T20:46:18.1937080+00:00,6.634817514544766,kWh
0000021948,2024-10-21T20:46:18.1937080+00:00,6.634817514544766,kWh
0000021949,2024-10-21T20:46:18.1937080+00:00,6.634817514544766,kWh
0000021950,2024-10-21T20:46:18.1937080+00:00,6.634817514544766,kWh
0000021951,2024-10-21T20:46:18.1937080+00:00,6.634817514544766,kWh
0000021952,2024-10-21T20:46:18.1937080+00:00,6.634817514544766,kWh
0000021953,2024-10-21T20:46:18.1937080+00:00,6.634817514544766,kWh
0000021954,2024-10-21T20:46:18.1937080+00:00,6.634817514544766,kWh
0000021955,2024-10-21T20:46:18.1937080+00:00,6.634817514544766,kWh
0000021956,2024-10-21T20:46:18.1937080+00:00,6.634817514544766,kWh
0000021957,2024-10-21T20:46:18.1937080+00:00,6.634817514544766,kWh
0000021958,2024-10-21T20:46:18.1937080+00:00,6.634817514544766,kWh
0000021959,2024-10-21T20:46:18.1937080+00:00,6.634817514544766,kWh
0000021960,2024-10-21T20:46:18.1937080+00:00,6.634817514544766,kWh
0000021961,2024-10-21T20:46:18.1937080+00:00,6.634817514544766,kWh
0000021962,2024-10-21T20:46:18.1937080+00:00,6.634817514544766,kWh
0000021963,2024-10-21T20:46:18.1937080+00:00,6.634817514544766,kWh
0000021964,2024-10-21T20:46:18.1937080+00:00,6.634817514544766,kWh
0000021965,2024-10-21T20:46:18.1937080+00:00,6.634817514544766,kWh
0000021966,2024-10-21T20:46:18.1937080+00:00,6.634817514544766,kWh
0000021967,2024-10-21T20:46:18.1937080+00:00,6.634817514544766,kWh
0000021968,2024-10-21T20:46:18.1937080+00:00,6.634817514544766,kWh
0000021969,2024-10-21T20:46:18.1937080+00:00,6.634817514544766,kWh
0000021970,2024-10-21T20:46:18.1937080+00:00,6.634817514544766,kWh
0000021971,2024-10-21T20:46:18.1937080+00:00,6.634817514544766,kWh
0000021972,2024-10-21T20:46:18.1937080+00:00,6.634817514544766,kWh
0000021973,2024-10-21T20:46:18.1937080+00:00,6.634817514544766,kWh
0000021974,2024-10-21T20:46:18.1937080+00:00,6.634817514544766,kWh
0000021975,2024-10-21T20:46:18.1937080+00:00,6.634817514544766,kWh
0000021976,2024-10-21T20:46:18.1937080+00:00,6.634817514544766,kWh
0000021977,2024-10-21T20:46:18.1937080+00:00,6.634817514544766,kWh
0000021978,2024-10-21T20:46:18.1937080+00:00,6.634817514544766,kWh
0000021979,2024-10-21T20:46:18.1937080+00:00,6.634817514544766,kWh
0000021980,2024-10-21T20:46:18.1937080+00:00,6.634817514544766,kWh
0000021981,2024-10-21T20:46:18.1937080+00:00,6.634817514544766,kWh
0000021982,2024-10-21T20:46:18.1937080+00:00,6.634817514544766,kWh
0000021983,2024-10-21T20:46:18.1937080+00:00,6.634817514544766,kWh
0000021984,2024-10-21T20:46:18.1937080+00:00,6.634817514544766,kWh
0000021985,2024-10-21T20:46:18.1937080+00:00,6.634817514544766,kWh
0000021986,2024-10-21T20:46:18.1937080+00:00,6.634817514544766,kWh
0000021987,2024-10-21T20:46:18.1937080+00:00,6.634817514544766,kWh
0000021988,2024-10-21T20:46:18.1937080+00:00,6.634817514544766,kWh
0000021989,2024-10-21T20:46:18.1937080+00:00,6.634817514544766,kWh
0000021990,2024-10-21T20:46:18.1937080+00:00,6.634817514544766,kWh
0000021991,2024-10-21T20:46:18.1937080+00:00,6.634817514544766,kWh
0000021992,2024-10-21T20:46:18.1937080+00:00,6.634817514544766,kWh
0000021993,2024-10-21T20:46:18.1937080+00:00,6.634817514544766,kWh
0000021994,2024-10-21T20:46:18.1937080+00:00,6.634817514544766,kWh
0000021995,2024-10-21T20:46:18.1937080+00:00,6.634817514544766,kWh
0000021996,2024-10-21T20:46:18.1937080+00:00,6.634817514544766,kWh
0000021997,2024-10-21T20:46:18.1937080+00:00,6.634817514544766,kWh
0000021998,2024-10-21T20:46:18.1937080+00:00,6.634817514544766,kWh
0000021999,2024-10-21T20:46:18.1937080+00:00,6.634817514544766,kWh
0000022000,2024-10-21T20:46:18.1937080+00:00,6.634817514544766,kWh
